event_id,release_time,model_id,y_true,y_pred,signal,pnl,tau
128,2024-10-10 13:31:00+00:00,M0_elasticnet,-0.0037587093132398,-0.004977050894151368,Short,0.0037587093132398,0.0017952482827316154
129,2024-10-11 13:30:00+00:00,M0_elasticnet,-0.0052962646545918,-0.005779619166956652,Short,0.0052962646545918,0.0017952482827316154
131,2024-11-11 13:30:00+00:00,M0_elasticnet,-0.0027699116724794,-0.002395237178945059,Short,0.0027699116724794,0.0017952482827316154
132,2024-11-17 19:00:00+00:00,M0_elasticnet,-0.0073517627139612,-0.007168199916902972,Short,0.0073517627139612,0.0017952482827316154
135,2024-12-21 19:00:00+00:00,M0_elasticnet,-0.0027526299033415,-0.003292442554022192,Short,0.0027526299033415,0.0017952482827316154
136,2025-01-10 13:30:00+00:00,M0_elasticnet,-0.0022981751439285,-0.0040163794681689876,Short,0.0022981751439285,0.0017952482827316154
137,2025-01-14 13:30:00+00:00,M0_elasticnet,-0.0164171034700309,-0.009250513189899634,Short,0.0164171034700309,0.0017952482827316154
138,2025-01-19 19:00:00+00:00,M0_elasticnet,-0.005481479751943,-0.006616415094861248,Short,0.005481479751943,0.0017952482827316154
139,2025-02-07 13:30:00+00:00,M0_elasticnet,-0.0098783816686515,-0.007067025523027822,Short,0.0098783816686515,0.0017952482827316154
141,2025-03-07 13:30:00+00:00,M0_elasticnet,-0.0004406712229589,0.001990563163059281,Long,-0.0004406712229589,0.0017952482827316154
142,2025-03-11 13:32:00+00:00,M0_elasticnet,-0.0066263362433678,-0.006309533248780606,Short,0.0066263362433678,0.0017952482827316154
143,2025-03-19 19:00:00+00:00,M0_elasticnet,-0.0022438078999722,-0.003246422491620985,Short,0.0022438078999722,0.0017952482827316154
144,2025-04-11 13:30:00+00:00,M0_elasticnet,-0.0039246834276212,-0.006273978193516353,Short,0.0039246834276212,0.0017952482827316154
145,2025-04-11 13:32:00+00:00,M0_elasticnet,-0.0028141091937897,-0.003291050111674281,Short,0.0028141091937897,0.0017952482827316154
146,2025-05-02 13:30:00+00:00,M0_elasticnet,-0.0131367684259356,-0.012152431083730056,Short,0.0131367684259356,0.0017952482827316154
147,2025-05-12 13:31:00+00:00,M0_elasticnet,-0.0093753090530386,-0.008347554128258435,Short,0.0093753090530386,0.0017952482827316154
148,2025-05-15 19:00:00+00:00,M0_elasticnet,0.0001188610594737,-0.00323664072600523,Short,-0.0001188610594737,0.0017952482827316154
149,2025-06-06 13:30:00+00:00,M0_elasticnet,0.0036688486596573,0.0036022794638107037,Long,0.0036688486596573,0.0017952482827316154
150,2025-06-10 13:31:00+00:00,M0_elasticnet,0.0011906861894694,-0.0026646776666080134,Short,-0.0011906861894694,0.0017952482827316154
151,2025-06-20 19:00:00+00:00,M0_elasticnet,-0.0125240445906007,-0.007374016366123614,Short,0.0125240445906007,0.0017952482827316154
152,2025-07-04 13:30:00+00:00,M0_elasticnet,0.0047574067514498,0.003074721160847843,Long,0.0047574067514498,0.0017952482827316154
153,2025-07-14 13:30:00+00:00,M0_elasticnet,-0.015239939528597,-0.0068178352935950055,Short,0.015239939528597,0.0017952482827316154
154,2025-07-17 19:00:00+00:00,M0_elasticnet,-0.0067904529015092,-0.0069883468322997685,Short,0.0067904529015092,0.0017952482827316154
155,2025-08-08 13:30:00+00:00,M0_elasticnet,-0.0044596635646649,-0.0027603527479028705,Short,0.0044596635646649,0.0017952482827316154
156,2025-08-13 13:31:00+00:00,M0_elasticnet,-0.0017259300553437,-0.0036110932837057482,Short,0.0017259300553437,0.0017952482827316154
157,2025-09-05 13:30:00+00:00,M0_elasticnet,-0.0008588392078572,-0.003938624930286634,Short,0.0008588392078572,0.0017952482827316154
158,2025-09-13 13:31:00+00:00,M0_elasticnet,-0.0013999444736979,-0.002858333351531862,Short,0.0013999444736979,0.0017952482827316154
159,2025-09-20 19:00:00+00:00,M0_elasticnet,-0.0133673001451445,-0.007461733086029274,Short,0.0133673001451445,0.0017952482827316154
160,2025-10-10 13:30:00+00:00,M0_elasticnet,-0.0107763068753038,-0.007611601066130088,Short,0.0107763068753038,0.0017952482827316154
161,2025-10-12 13:30:00+00:00,M0_elasticnet,0.0008912416644025,0.002040182654528678,Long,0.0008912416644025,0.0017952482827316154
162,2025-11-07 13:30:00+00:00,M0_elasticnet,-0.0040980556886695,-0.006856718771183426,Short,0.0040980556886695,0.0017952482827316154
163,2025-11-13 13:30:00+00:00,M0_elasticnet,-0.0032591323604431,-0.002559317147418985,Short,0.0032591323604431,0.0017952482827316154
164,2025-11-15 19:00:00+00:00,M0_elasticnet,0.0023559699666388,-0.0021764006079140197,Short,-0.0023559699666388,0.0017952482827316154
165,2025-12-05 13:30:00+00:00,M0_elasticnet,-0.0007949182333868,-0.0024436505158910373,Short,0.0007949182333868,0.0017952482827316154
167,2025-12-16 19:00:00+00:00,M0_elasticnet,-0.0045610183605263,-0.006300489836695678,Short,0.0045610183605263,0.0017952482827316154
128,2024-10-10 13:31:00+00:00,M0_gbdt,-0.0037587093132398,-0.006468669427552091,Short,0.0037587093132398,0.002009085561887416
129,2024-10-11 13:30:00+00:00,M0_gbdt,-0.0052962646545918,-0.006254526768159863,Short,0.0052962646545918,0.002009085561887416
131,2024-11-11 13:30:00+00:00,M0_gbdt,-0.0027699116724794,-0.003472858277289767,Short,0.0027699116724794,0.002009085561887416
132,2024-11-17 19:00:00+00:00,M0_gbdt,-0.0073517627139612,-0.008898263621849358,Short,0.0073517627139612,0.002009085561887416
134,2024-12-13 13:31:00+00:00,M0_gbdt,-0.0034128973739113,-0.0021145796378392607,Short,0.0034128973739113,0.002009085561887416
135,2024-12-21 19:00:00+00:00,M0_gbdt,-0.0027526299033415,-0.004208679238376833,Short,0.0027526299033415,0.002009085561887416
136,2025-01-10 13:30:00+00:00,M0_gbdt,-0.0022981751439285,-0.00472565416322572,Short,0.0022981751439285,0.002009085561887416
137,2025-01-14 13:30:00+00:00,M0_gbdt,-0.0164171034700309,-0.0067380010575457125,Short,0.0164171034700309,0.002009085561887416
138,2025-01-19 19:00:00+00:00,M0_gbdt,-0.005481479751943,-0.005088577349748038,Short,0.005481479751943,0.002009085561887416
139,2025-02-07 13:30:00+00:00,M0_gbdt,-0.0098783816686515,-0.008858601439321089,Short,0.0098783816686515,0.002009085561887416
142,2025-03-11 13:32:00+00:00,M0_gbdt,-0.0066263362433678,-0.00594817741350442,Short,0.0066263362433678,0.002009085561887416
144,2025-04-11 13:30:00+00:00,M0_gbdt,-0.0039246834276212,-0.008200590359370827,Short,0.0039246834276212,0.002009085561887416
145,2025-04-11 13:32:00+00:00,M0_gbdt,-0.0028141091937897,-0.003722319011553962,Short,0.0028141091937897,0.002009085561887416
146,2025-05-02 13:30:00+00:00,M0_gbdt,-0.0131367684259356,-0.009642424578444445,Short,0.0131367684259356,0.002009085561887416
147,2025-05-12 13:31:00+00:00,M0_gbdt,-0.0093753090530386,-0.00958585016005307,Short,0.0093753090530386,0.002009085561887416
149,2025-06-06 13:30:00+00:00,M0_gbdt,0.0036688486596573,0.004906337837347557,Long,0.0036688486596573,0.002009085561887416
151,2025-06-20 19:00:00+00:00,M0_gbdt,-0.0125240445906007,-0.008447433997282344,Short,0.0125240445906007,0.002009085561887416
153,2025-07-14 13:30:00+00:00,M0_gbdt,-0.015239939528597,-0.008494747853277128,Short,0.015239939528597,0.002009085561887416
154,2025-07-17 19:00:00+00:00,M0_gbdt,-0.0067904529015092,-0.007015461323168817,Short,0.0067904529015092,0.002009085561887416
155,2025-08-08 13:30:00+00:00,M0_gbdt,-0.0044596635646649,-0.0024294269676906465,Short,0.0044596635646649,0.002009085561887416
157,2025-09-05 13:30:00+00:00,M0_gbdt,-0.0008588392078572,-0.004290159720548994,Short,0.0008588392078572,0.002009085561887416
159,2025-09-20 19:00:00+00:00,M0_gbdt,-0.0133673001451445,-0.00822469395747761,Short,0.0133673001451445,0.002009085561887416
160,2025-10-10 13:30:00+00:00,M0_gbdt,-0.0107763068753038,-0.00947372052581646,Short,0.0107763068753038,0.002009085561887416
162,2025-11-07 13:30:00+00:00,M0_gbdt,-0.0040980556886695,-0.008299253204226606,Short,0.0040980556886695,0.002009085561887416
167,2025-12-16 19:00:00+00:00,M0_gbdt,-0.0045610183605263,-0.006543608301926407,Short,0.0045610183605263,0.002009085561887416
128,2024-10-10 13:31:00+00:00,M0_ols,-0.0037587093132398,-0.007589187947633383,Short,0.0037587093132398,0.002179345436354386
129,2024-10-11 13:30:00+00:00,M0_ols,-0.0052962646545918,-0.007414239859693238,Short,0.0052962646545918,0.002179345436354386
131,2024-11-11 13:30:00+00:00,M0_ols,-0.0027699116724794,-0.0032705862131658754,Short,0.0027699116724794,0.002179345436354386
132,2024-11-17 19:00:00+00:00,M0_ols,-0.0073517627139612,-0.007788680189017497,Short,0.0073517627139612,0.002179345436354386
135,2024-12-21 19:00:00+00:00,M0_ols,-0.0027526299033415,-0.0029101806853232336,Short,0.0027526299033415,0.002179345436354386
136,2025-01-10 13:30:00+00:00,M0_ols,-0.0022981751439285,-0.00482850479736661,Short,0.0022981751439285,0.002179345436354386
137,2025-01-14 13:30:00+00:00,M0_ols,-0.0164171034700309,-0.011299721436380427,Short,0.0164171034700309,0.002179345436354386
138,2025-01-19 19:00:00+00:00,M0_ols,-0.005481479751943,-0.00724467599072097,Short,0.005481479751943,0.002179345436354386
139,2025-02-07 13:30:00+00:00,M0_ols,-0.0098783816686515,-0.0077189489727485456,Short,0.0098783816686515,0.002179345436354386
141,2025-03-07 13:30:00+00:00,M0_ols,-0.0004406712229589,0.002856572711632239,Long,-0.0004406712229589,0.002179345436354386
142,2025-03-11 13:32:00+00:00,M0_ols,-0.0066263362433678,-0.006735762086850597,Short,0.0066263362433678,0.002179345436354386
143,2025-03-19 19:00:00+00:00,M0_ols,-0.0022438078999722,-0.002870626802149526,Short,0.0022438078999722,0.002179345436354386
144,2025-04-11 13:30:00+00:00,M0_ols,-0.0039246834276212,-0.007158725794141811,Short,0.0039246834276212,0.002179345436354386
145,2025-04-11 13:32:00+00:00,M0_ols,-0.0028141091937897,-0.003764399628528301,Short,0.0028141091937897,0.002179345436354386
146,2025-05-02 13:30:00+00:00,M0_ols,-0.0131367684259356,-0.013892261077255698,Short,0.0131367684259356,0.002179345436354386
147,2025-05-12 13:31:00+00:00,M0_ols,-0.0093753090530386,-0.009000945850063616,Short,0.0093753090530386,0.002179345436354386
148,2025-05-15 19:00:00+00:00,M0_ols,0.0001188610594737,-0.002798978660693425,Short,-0.0001188610594737,0.002179345436354386
149,2025-06-06 13:30:00+00:00,M0_ols,0.0036688486596573,0.005301753849258916,Long,0.0036688486596573,0.002179345436354386
151,2025-06-20 19:00:00+00:00,M0_ols,-0.0125240445906007,-0.008457041389179982,Short,0.0125240445906007,0.002179345436354386
152,2025-07-04 13:30:00+00:00,M0_ols,0.0047574067514498,0.004366066259556963,Long,0.0047574067514498,0.002179345436354386
153,2025-07-14 13:30:00+00:00,M0_ols,-0.015239939528597,-0.007525132225567354,Short,0.015239939528597,0.002179345436354386
154,2025-07-17 19:00:00+00:00,M0_ols,-0.0067904529015092,-0.006600877149265117,Short,0.0067904529015092,0.002179345436354386
155,2025-08-08 13:30:00+00:00,M0_ols,-0.0044596635646649,-0.0030158940119449067,Short,0.0044596635646649,0.002179345436354386
156,2025-08-13 13:31:00+00:00,M0_ols,-0.0017259300553437,-0.0032002812185889995,Short,0.0017259300553437,0.002179345436354386
157,2025-09-05 13:30:00+00:00,M0_ols,-0.0008588392078572,-0.004422111675596041,Short,0.0008588392078572,0.002179345436354386
158,2025-09-13 13:31:00+00:00,M0_ols,-0.0013999444736979,-0.002514617941524022,Short,0.0013999444736979,0.002179345436354386
159,2025-09-20 19:00:00+00:00,M0_ols,-0.0133673001451445,-0.009021638301736416,Short,0.0133673001451445,0.002179345436354386
160,2025-10-10 13:30:00+00:00,M0_ols,-0.0107763068753038,-0.008622669103344504,Short,0.0107763068753038,0.002179345436354386
161,2025-10-12 13:30:00+00:00,M0_ols,0.0008912416644025,0.003297531666360678,Long,0.0008912416644025,0.002179345436354386
162,2025-11-07 13:30:00+00:00,M0_ols,-0.0040980556886695,-0.006978879163921797,Short,0.0040980556886695,0.002179345436354386
167,2025-12-16 19:00:00+00:00,M0_ols,-0.0045610183605263,-0.005703079286385185,Short,0.0045610183605263,0.002179345436354386
128,2024-10-10 13:31:00+00:00,M1_elasticnet,-0.0037587093132398,-0.0060407350910252145,Short,0.0037587093132398,0.0018687022721640251
129,2024-10-11 13:30:00+00:00,M1_elasticnet,-0.0052962646545918,-0.0051632351939609675,Short,0.0052962646545918,0.0018687022721640251
131,2024-11-11 13:30:00+00:00,M1_elasticnet,-0.0027699116724794,-0.002818583943211012,Short,0.0027699116724794,0.0018687022721640251
132,2024-11-17 19:00:00+00:00,M1_elasticnet,-0.0073517627139612,-0.0058357603436676245,Short,0.0073517627139612,0.0018687022721640251
133,2024-12-06 13:30:00+00:00,M1_elasticnet,0.0003155515595628,-0.0018902897755485027,Short,-0.0003155515595628,0.0018687022721640251
135,2024-12-21 19:00:00+00:00,M1_elasticnet,-0.0027526299033415,-0.0031100032491905116,Short,0.0027526299033415,0.0018687022721640251
136,2025-01-10 13:30:00+00:00,M1_elasticnet,-0.0022981751439285,-0.004866488011188014,Short,0.0022981751439285,0.0018687022721640251
137,2025-01-14 13:30:00+00:00,M1_elasticnet,-0.0164171034700309,-0.009719266295810217,Short,0.0164171034700309,0.0018687022721640251
138,2025-01-19 19:00:00+00:00,M1_elasticnet,-0.005481479751943,-0.005458845092837493,Short,0.005481479751943,0.0018687022721640251
139,2025-02-07 13:30:00+00:00,M1_elasticnet,-0.0098783816686515,-0.006934653158162319,Short,0.0098783816686515,0.0018687022721640251
142,2025-03-11 13:32:00+00:00,M1_elasticnet,-0.0066263362433678,-0.006272437048131263,Short,0.0066263362433678,0.0018687022721640251
143,2025-03-19 19:00:00+00:00,M1_elasticnet,-0.0022438078999722,-0.0036109139804789137,Short,0.0022438078999722,0.0018687022721640251
144,2025-04-11 13:30:00+00:00,M1_elasticnet,-0.0039246834276212,-0.0031596528805186816,Short,0.0039246834276212,0.0018687022721640251
145,2025-04-11 13:32:00+00:00,M1_elasticnet,-0.0028141091937897,-0.0019107383820847592,Short,0.0028141091937897,0.0018687022721640251
146,2025-05-02 13:30:00+00:00,M1_elasticnet,-0.0131367684259356,-0.01204772202527183,Short,0.0131367684259356,0.0018687022721640251
147,2025-05-12 13:31:00+00:00,M1_elasticnet,-0.0093753090530386,-0.008253142394541313,Short,0.0093753090530386,0.0018687022721640251
148,2025-05-15 19:00:00+00:00,M1_elasticnet,0.0001188610594737,-0.004032817263845492,Short,-0.0001188610594737,0.0018687022721640251
149,2025-06-06 13:30:00+00:00,M1_elasticnet,0.0036688486596573,0.0043241801947144515,Long,0.0036688486596573,0.0018687022721640251
150,2025-06-10 13:31:00+00:00,M1_elasticnet,0.0011906861894694,-0.0026644332458387677,Short,-0.0011906861894694,0.0018687022721640251
151,2025-06-20 19:00:00+00:00,M1_elasticnet,-0.0125240445906007,-0.008020863783682582,Short,0.0125240445906007,0.0018687022721640251
152,2025-07-04 13:30:00+00:00,M1_elasticnet,0.0047574067514498,0.004881808146953104,Long,0.0047574067514498,0.0018687022721640251
153,2025-07-14 13:30:00+00:00,M1_elasticnet,-0.015239939528597,-0.007449241283297331,Short,0.015239939528597,0.0018687022721640251
154,2025-07-17 19:00:00+00:00,M1_elasticnet,-0.0067904529015092,-0.006865559098120475,Short,0.0067904529015092,0.0018687022721640251
155,2025-08-08 13:30:00+00:00,M1_elasticnet,-0.0044596635646649,-0.003239564810760813,Short,0.0044596635646649,0.0018687022721640251
156,2025-08-13 13:31:00+00:00,M1_elasticnet,-0.0017259300553437,-0.0029889743838623045,Short,0.0017259300553437,0.0018687022721640251
157,2025-09-05 13:30:00+00:00,M1_elasticnet,-0.0008588392078572,-0.0032500080137367873,Short,0.0008588392078572,0.0018687022721640251
158,2025-09-13 13:31:00+00:00,M1_elasticnet,-0.0013999444736979,-0.0021619625129013663,Short,0.0013999444736979,0.0018687022721640251
159,2025-09-20 19:00:00+00:00,M1_elasticnet,-0.0133673001451445,-0.009131703897850353,Short,0.0133673001451445,0.0018687022721640251
160,2025-10-10 13:30:00+00:00,M1_elasticnet,-0.0107763068753038,-0.008030402722211893,Short,0.0107763068753038,0.0018687022721640251
161,2025-10-12 13:30:00+00:00,M1_elasticnet,0.0008912416644025,0.0028988443150411267,Long,0.0008912416644025,0.0018687022721640251
162,2025-11-07 13:30:00+00:00,M1_elasticnet,-0.0040980556886695,-0.00586693033529952,Short,0.0040980556886695,0.0018687022721640251
163,2025-11-13 13:30:00+00:00,M1_elasticnet,-0.0032591323604431,-0.0036725449875576535,Short,0.0032591323604431,0.0018687022721640251
167,2025-12-16 19:00:00+00:00,M1_elasticnet,-0.0045610183605263,-0.005384010386918484,Short,0.0045610183605263,0.0018687022721640251
128,2024-10-10 13:31:00+00:00,M1_gbdt,-0.0037587093132398,-0.008319387779118562,Short,0.0037587093132398,0.002165496709123052
129,2024-10-11 13:30:00+00:00,M1_gbdt,-0.0052962646545918,-0.007686021652127813,Short,0.0052962646545918,0.002165496709123052
131,2024-11-11 13:30:00+00:00,M1_gbdt,-0.0027699116724794,-0.00756417170318487,Short,0.0027699116724794,0.002165496709123052
132,2024-11-17 19:00:00+00:00,M1_gbdt,-0.0073517627139612,-0.00894721478898522,Short,0.0073517627139612,0.002165496709123052
134,2024-12-13 13:31:00+00:00,M1_gbdt,-0.0034128973739113,-0.006714105646748558,Short,0.0034128973739113,0.002165496709123052
135,2024-12-21 19:00:00+00:00,M1_gbdt,-0.0027526299033415,-0.005560697198765179,Short,0.0027526299033415,0.002165496709123052
136,2025-01-10 13:30:00+00:00,M1_gbdt,-0.0022981751439285,-0.006748887330752984,Short,0.0022981751439285,0.002165496709123052
137,2025-01-14 13:30:00+00:00,M1_gbdt,-0.0164171034700309,-0.008385749987615232,Short,0.0164171034700309,0.002165496709123052
138,2025-01-19 19:00:00+00:00,M1_gbdt,-0.005481479751943,-0.005615416734423902,Short,0.005481479751943,0.002165496709123052
139,2025-02-07 13:30:00+00:00,M1_gbdt,-0.0098783816686515,-0.009773161100005754,Short,0.0098783816686515,0.002165496709123052
142,2025-03-11 13:32:00+00:00,M1_gbdt,-0.0066263362433678,-0.007456476452944878,Short,0.0066263362433678,0.002165496709123052
144,2025-04-11 13:30:00+00:00,M1_gbdt,-0.0039246834276212,-0.003770957126194238,Short,0.0039246834276212,0.002165496709123052
146,2025-05-02 13:30:00+00:00,M1_gbdt,-0.0131367684259356,-0.011120832319267662,Short,0.0131367684259356,0.002165496709123052
147,2025-05-12 13:31:00+00:00,M1_gbdt,-0.0093753090530386,-0.010114208781049079,Short,0.0093753090530386,0.002165496709123052
149,2025-06-06 13:30:00+00:00,M1_gbdt,0.0036688486596573,0.004952226860349839,Long,0.0036688486596573,0.002165496709123052
151,2025-06-20 19:00:00+00:00,M1_gbdt,-0.0125240445906007,-0.00959471743024575,Short,0.0125240445906007,0.002165496709123052
153,2025-07-14 13:30:00+00:00,M1_gbdt,-0.015239939528597,-0.009663148075069185,Short,0.015239939528597,0.002165496709123052
154,2025-07-17 19:00:00+00:00,M1_gbdt,-0.0067904529015092,-0.0062717821305214964,Short,0.0067904529015092,0.002165496709123052
155,2025-08-08 13:30:00+00:00,M1_gbdt,-0.0044596635646649,-0.004073849449528114,Short,0.0044596635646649,0.002165496709123052
157,2025-09-05 13:30:00+00:00,M1_gbdt,-0.0008588392078572,-0.004299600086195143,Short,0.0008588392078572,0.002165496709123052
159,2025-09-20 19:00:00+00:00,M1_gbdt,-0.0133673001451445,-0.010170589553959903,Short,0.0133673001451445,0.002165496709123052
160,2025-10-10 13:30:00+00:00,M1_gbdt,-0.0107763068753038,-0.011213876338518643,Short,0.0107763068753038,0.002165496709123052
162,2025-11-07 13:30:00+00:00,M1_gbdt,-0.0040980556886695,-0.008071707544757452,Short,0.0040980556886695,0.002165496709123052
167,2025-12-16 19:00:00+00:00,M1_gbdt,-0.0045610183605263,-0.006385183131525728,Short,0.0045610183605263,0.002165496709123052
128,2024-10-10 13:31:00+00:00,M1_ols,-0.0037587093132398,-0.007647836240064813,Short,0.0037587093132398,0.002293823326558547
129,2024-10-11 13:30:00+00:00,M1_ols,-0.0052962646545918,-0.005834476185288847,Short,0.0052962646545918,0.002293823326558547
131,2024-11-11 13:30:00+00:00,M1_ols,-0.0027699116724794,-0.003509089081803733,Short,0.0027699116724794,0.002293823326558547
132,2024-11-17 19:00:00+00:00,M1_ols,-0.0073517627139612,-0.0052412826628959325,Short,0.0073517627139612,0.002293823326558547
135,2024-12-21 19:00:00+00:00,M1_ols,-0.0027526299033415,-0.0027944907712344454,Short,0.0027526299033415,0.002293823326558547
136,2025-01-10 13:30:00+00:00,M1_ols,-0.0022981751439285,-0.00584721482793006,Short,0.0022981751439285,0.002293823326558547
137,2025-01-14 13:30:00+00:00,M1_ols,-0.0164171034700309,-0.011699488640617123,Short,0.0164171034700309,0.002293823326558547
138,2025-01-19 19:00:00+00:00,M1_ols,-0.005481479751943,-0.005886792140808525,Short,0.005481479751943,0.002293823326558547
139,2025-02-07 13:30:00+00:00,M1_ols,-0.0098783816686515,-0.007303207666314588,Short,0.0098783816686515,0.002293823326558547
141,2025-03-07 13:30:00+00:00,M1_ols,-0.0004406712229589,0.0024739148116920138,Long,-0.0004406712229589,0.002293823326558547
142,2025-03-11 13:32:00+00:00,M1_ols,-0.0066263362433678,-0.006416684563691134,Short,0.0066263362433678,0.002293823326558547
143,2025-03-19 19:00:00+00:00,M1_ols,-0.0022438078999722,-0.0035664327642105937,Short,0.0022438078999722,0.002293823326558547
144,2025-04-11 13:30:00+00:00,M1_ols,-0.0039246834276212,-0.0029329042107944774,Short,0.0039246834276212,0.002293823326558547
146,2025-05-02 13:30:00+00:00,M1_ols,-0.0131367684259356,-0.013613485146375653,Short,0.0131367684259356,0.002293823326558547
147,2025-05-12 13:31:00+00:00,M1_ols,-0.0093753090530386,-0.008745321440601002,Short,0.0093753090530386,0.002293823326558547
148,2025-05-15 19:00:00+00:00,M1_ols,0.0001188610594737,-0.0036928504276789995,Short,-0.0001188610594737,0.002293823326558547
149,2025-06-06 13:30:00+00:00,M1_ols,0.0036688486596573,0.00675851274369659,Long,0.0036688486596573,0.002293823326558547
151,2025-06-20 19:00:00+00:00,M1_ols,-0.0125240445906007,-0.009186318133021072,Short,0.0125240445906007,0.002293823326558547
152,2025-07-04 13:30:00+00:00,M1_ols,0.0047574067514498,0.006875887799263387,Long,0.0047574067514498,0.002293823326558547
153,2025-07-14 13:30:00+00:00,M1_ols,-0.015239939528597,-0.009194320333889654,Short,0.015239939528597,0.002293823326558547
154,2025-07-17 19:00:00+00:00,M1_ols,-0.0067904529015092,-0.006664428601299571,Short,0.0067904529015092,0.002293823326558547
155,2025-08-08 13:30:00+00:00,M1_ols,-0.0044596635646649,-0.0033746904461588833,Short,0.0044596635646649,0.002293823326558547
157,2025-09-05 13:30:00+00:00,M1_ols,-0.0008588392078572,-0.00287696906661083,Short,0.0008588392078572,0.002293823326558547
159,2025-09-20 19:00:00+00:00,M1_ols,-0.0133673001451445,-0.011400968510992048,Short,0.0133673001451445,0.002293823326558547
160,2025-10-10 13:30:00+00:00,M1_ols,-0.0107763068753038,-0.009180121359209464,Short,0.0107763068753038,0.002293823326558547
161,2025-10-12 13:30:00+00:00,M1_ols,0.0008912416644025,0.00524730862087436,Long,0.0008912416644025,0.002293823326558547
162,2025-11-07 13:30:00+00:00,M1_ols,-0.0040980556886695,-0.0056175586384225136,Short,0.0040980556886695,0.002293823326558547
163,2025-11-13 13:30:00+00:00,M1_ols,-0.0032591323604431,-0.0032980325420840896,Short,0.0032591323604431,0.002293823326558547
167,2025-12-16 19:00:00+00:00,M1_ols,-0.0045610183605263,-0.004052449880750809,Short,0.0045610183605263,0.002293823326558547
128,2024-10-10 13:31:00+00:00,M2_elasticnet,-0.0037587093132398,-0.0055549865746265335,Short,0.0037587093132398,0.0018871293194431269
129,2024-10-11 13:30:00+00:00,M2_elasticnet,-0.0052962646545918,-0.0056238041898094455,Short,0.0052962646545918,0.0018871293194431269
131,2024-11-11 13:30:00+00:00,M2_elasticnet,-0.0027699116724794,-0.0024612391366471194,Short,0.0027699116724794,0.0018871293194431269
132,2024-11-17 19:00:00+00:00,M2_elasticnet,-0.0073517627139612,-0.005984820752817728,Short,0.0073517627139612,0.0018871293194431269
133,2024-12-06 13:30:00+00:00,M2_elasticnet,0.0003155515595628,-0.0026280538382067197,Short,-0.0003155515595628,0.0018871293194431269
135,2024-12-21 19:00:00+00:00,M2_elasticnet,-0.0027526299033415,-0.003686766522606297,Short,0.0027526299033415,0.0018871293194431269
136,2025-01-10 13:30:00+00:00,M2_elasticnet,-0.0022981751439285,-0.005057128112736152,Short,0.0022981751439285,0.0018871293194431269
137,2025-01-14 13:30:00+00:00,M2_elasticnet,-0.0164171034700309,-0.009523651001148771,Short,0.0164171034700309,0.0018871293194431269
138,2025-01-19 19:00:00+00:00,M2_elasticnet,-0.005481479751943,-0.005338730114896022,Short,0.005481479751943,0.0018871293194431269
139,2025-02-07 13:30:00+00:00,M2_elasticnet,-0.0098783816686515,-0.006980154398088709,Short,0.0098783816686515,0.0018871293194431269
142,2025-03-11 13:32:00+00:00,M2_elasticnet,-0.0066263362433678,-0.006084621191171875,Short,0.0066263362433678,0.0018871293194431269
143,2025-03-19 19:00:00+00:00,M2_elasticnet,-0.0022438078999722,-0.0033530340012526434,Short,0.0022438078999722,0.0018871293194431269
144,2025-04-11 13:30:00+00:00,M2_elasticnet,-0.0039246834276212,-0.003305767994935954,Short,0.0039246834276212,0.0018871293194431269
145,2025-04-11 13:32:00+00:00,M2_elasticnet,-0.0028141091937897,-0.0022390833683267612,Short,0.0028141091937897,0.0018871293194431269
146,2025-05-02 13:30:00+00:00,M2_elasticnet,-0.0131367684259356,-0.012018136079112497,Short,0.0131367684259356,0.0018871293194431269
147,2025-05-12 13:31:00+00:00,M2_elasticnet,-0.0093753090530386,-0.008054415926966398,Short,0.0093753090530386,0.0018871293194431269
148,2025-05-15 19:00:00+00:00,M2_elasticnet,0.0001188610594737,-0.0036693937115674746,Short,-0.0001188610594737,0.0018871293194431269
149,2025-06-06 13:30:00+00:00,M2_elasticnet,0.0036688486596573,0.005753557645479099,Long,0.0036688486596573,0.0018871293194431269
150,2025-06-10 13:31:00+00:00,M2_elasticnet,0.0011906861894694,-0.0022390355906305257,Short,-0.0011906861894694,0.0018871293194431269
151,2025-06-20 19:00:00+00:00,M2_elasticnet,-0.0125240445906007,-0.008048131282164743,Short,0.0125240445906007,0.0018871293194431269
152,2025-07-04 13:30:00+00:00,M2_elasticnet,0.0047574067514498,0.005171021825723956,Long,0.0047574067514498,0.0018871293194431269
153,2025-07-14 13:30:00+00:00,M2_elasticnet,-0.015239939528597,-0.007126845850233748,Short,0.015239939528597,0.0018871293194431269
154,2025-07-17 19:00:00+00:00,M2_elasticnet,-0.0067904529015092,-0.006809167770039157,Short,0.0067904529015092,0.0018871293194431269
155,2025-08-08 13:30:00+00:00,M2_elasticnet,-0.0044596635646649,-0.003499196744958567,Short,0.0044596635646649,0.0018871293194431269
156,2025-08-13 13:31:00+00:00,M2_elasticnet,-0.0017259300553437,-0.00288492732418528,Short,0.0017259300553437,0.0018871293194431269
157,2025-09-05 13:30:00+00:00,M2_elasticnet,-0.0008588392078572,-0.0031038303964245804,Short,0.0008588392078572,0.0018871293194431269
158,2025-09-13 13:31:00+00:00,M2_elasticnet,-0.0013999444736979,-0.0022034819786118263,Short,0.0013999444736979,0.0018871293194431269
159,2025-09-20 19:00:00+00:00,M2_elasticnet,-0.0133673001451445,-0.008945708972530842,Short,0.0133673001451445,0.0018871293194431269
160,2025-10-10 13:30:00+00:00,M2_elasticnet,-0.0107763068753038,-0.008496691868550033,Short,0.0107763068753038,0.0018871293194431269
161,2025-10-12 13:30:00+00:00,M2_elasticnet,0.0008912416644025,0.003361188068588744,Long,0.0008912416644025,0.0018871293194431269
162,2025-11-07 13:30:00+00:00,M2_elasticnet,-0.0040980556886695,-0.006014328338788379,Short,0.0040980556886695,0.0018871293194431269
163,2025-11-13 13:30:00+00:00,M2_elasticnet,-0.0032591323604431,-0.00346164384584886,Short,0.0032591323604431,0.0018871293194431269
167,2025-12-16 19:00:00+00:00,M2_elasticnet,-0.0045610183605263,-0.0052073278806142615,Short,0.0045610183605263,0.0018871293194431269
128,2024-10-10 13:31:00+00:00,M2_gbdt,-0.0037587093132398,-0.008376806465116609,Short,0.0037587093132398,0.0021771281914847603
129,2024-10-11 13:30:00+00:00,M2_gbdt,-0.0052962646545918,-0.008068433256279258,Short,0.0052962646545918,0.0021771281914847603
131,2024-11-11 13:30:00+00:00,M2_gbdt,-0.0027699116724794,-0.005721478217131173,Short,0.0027699116724794,0.0021771281914847603
132,2024-11-17 19:00:00+00:00,M2_gbdt,-0.0073517627139612,-0.008608979059362474,Short,0.0073517627139612,0.0021771281914847603
134,2024-12-13 13:31:00+00:00,M2_gbdt,-0.0034128973739113,-0.007064620079347179,Short,0.0034128973739113,0.0021771281914847603
135,2024-12-21 19:00:00+00:00,M2_gbdt,-0.0027526299033415,-0.005503466700113826,Short,0.0027526299033415,0.0021771281914847603
136,2025-01-10 13:30:00+00:00,M2_gbdt,-0.0022981751439285,-0.006239492185088861,Short,0.0022981751439285,0.0021771281914847603
137,2025-01-14 13:30:00+00:00,M2_gbdt,-0.0164171034700309,-0.008063198193136053,Short,0.0164171034700309,0.0021771281914847603
138,2025-01-19 19:00:00+00:00,M2_gbdt,-0.005481479751943,-0.004108279452135725,Short,0.005481479751943,0.0021771281914847603
139,2025-02-07 13:30:00+00:00,M2_gbdt,-0.0098783816686515,-0.008937254201111453,Short,0.0098783816686515,0.0021771281914847603
142,2025-03-11 13:32:00+00:00,M2_gbdt,-0.0066263362433678,-0.007886429819878615,Short,0.0066263362433678,0.0021771281914847603
144,2025-04-11 13:30:00+00:00,M2_gbdt,-0.0039246834276212,-0.003666067086589451,Short,0.0039246834276212,0.0021771281914847603
146,2025-05-02 13:30:00+00:00,M2_gbdt,-0.0131367684259356,-0.010539871493829909,Short,0.0131367684259356,0.0021771281914847603
147,2025-05-12 13:31:00+00:00,M2_gbdt,-0.0093753090530386,-0.009721021001805106,Short,0.0093753090530386,0.0021771281914847603
149,2025-06-06 13:30:00+00:00,M2_gbdt,0.0036688486596573,0.0052433824033762035,Long,0.0036688486596573,0.0021771281914847603
151,2025-06-20 19:00:00+00:00,M2_gbdt,-0.0125240445906007,-0.009245168084535134,Short,0.0125240445906007,0.0021771281914847603
153,2025-07-14 13:30:00+00:00,M2_gbdt,-0.015239939528597,-0.00957495305402171,Short,0.015239939528597,0.0021771281914847603
154,2025-07-17 19:00:00+00:00,M2_gbdt,-0.0067904529015092,-0.006196075287807566,Short,0.0067904529015092,0.0021771281914847603
155,2025-08-08 13:30:00+00:00,M2_gbdt,-0.0044596635646649,-0.004969167410682525,Short,0.0044596635646649,0.0021771281914847603
157,2025-09-05 13:30:00+00:00,M2_gbdt,-0.0008588392078572,-0.0033147970560676305,Short,0.0008588392078572,0.0021771281914847603
159,2025-09-20 19:00:00+00:00,M2_gbdt,-0.0133673001451445,-0.009940602320182217,Short,0.0133673001451445,0.0021771281914847603
160,2025-10-10 13:30:00+00:00,M2_gbdt,-0.0107763068753038,-0.010899975818484058,Short,0.0107763068753038,0.0021771281914847603
162,2025-11-07 13:30:00+00:00,M2_gbdt,-0.0040980556886695,-0.007520335162061042,Short,0.0040980556886695,0.0021771281914847603
167,2025-12-16 19:00:00+00:00,M2_gbdt,-0.0045610183605263,-0.005879800497695089,Short,0.0045610183605263,0.0021771281914847603
128,2024-10-10 13:31:00+00:00,M2_ols,-0.0037587093132398,-0.006802016536876945,Short,0.0037587093132398,0.0023282431968356687
129,2024-10-11 13:30:00+00:00,M2_ols,-0.0052962646545918,-0.006084610819377362,Short,0.0052962646545918,0.0023282431968356687
131,2024-11-11 13:30:00+00:00,M2_ols,-0.0027699116724794,-0.002745831472784884,Short,0.0027699116724794,0.0023282431968356687
132,2024-11-17 19:00:00+00:00,M2_ols,-0.0073517627139612,-0.005591082707631631,Short,0.0073517627139612,0.0023282431968356687
135,2024-12-21 19:00:00+00:00,M2_ols,-0.0027526299033415,-0.00401232817932134,Short,0.0027526299033415,0.0023282431968356687
136,2025-01-10 13:30:00+00:00,M2_ols,-0.0022981751439285,-0.0064835015428958715,Short,0.0022981751439285,0.0023282431968356687
137,2025-01-14 13:30:00+00:00,M2_ols,-0.0164171034700309,-0.011214536731970953,Short,0.0164171034700309,0.0023282431968356687
138,2025-01-19 19:00:00+00:00,M2_ols,-0.005481479751943,-0.005777665223650677,Short,0.005481479751943,0.0023282431968356687
139,2025-02-07 13:30:00+00:00,M2_ols,-0.0098783816686515,-0.007727075857856733,Short,0.0098783816686515,0.0023282431968356687
142,2025-03-11 13:32:00+00:00,M2_ols,-0.0066263362433678,-0.005914990336605036,Short,0.0066263362433678,0.0023282431968356687
143,2025-03-19 19:00:00+00:00,M2_ols,-0.0022438078999722,-0.0035342520149760576,Short,0.0022438078999722,0.0023282431968356687
145,2025-04-11 13:32:00+00:00,M2_ols,-0.0028141091937897,-0.0024922704750076343,Short,0.0028141091937897,0.0023282431968356687
146,2025-05-02 13:30:00+00:00,M2_ols,-0.0131367684259356,-0.014400115039868312,Short,0.0131367684259356,0.0023282431968356687
147,2025-05-12 13:31:00+00:00,M2_ols,-0.0093753090530386,-0.008701571228019584,Short,0.0093753090530386,0.0023282431968356687
148,2025-05-15 19:00:00+00:00,M2_ols,0.0001188610594737,-0.003451791861345612,Short,-0.0001188610594737,0.0023282431968356687
149,2025-06-06 13:30:00+00:00,M2_ols,0.0036688486596573,0.008217494325098454,Long,0.0036688486596573,0.0023282431968356687
151,2025-06-20 19:00:00+00:00,M2_ols,-0.0125240445906007,-0.009255816166179182,Short,0.0125240445906007,0.0023282431968356687
152,2025-07-04 13:30:00+00:00,M2_ols,0.0047574067514498,0.007889744801957066,Long,0.0047574067514498,0.0023282431968356687
153,2025-07-14 13:30:00+00:00,M2_ols,-0.015239939528597,-0.008847981698472854,Short,0.015239939528597,0.0023282431968356687
154,2025-07-17 19:00:00+00:00,M2_ols,-0.0067904529015092,-0.007035501568849411,Short,0.0067904529015092,0.0023282431968356687
155,2025-08-08 13:30:00+00:00,M2_ols,-0.0044596635646649,-0.0035607933504697973,Short,0.0044596635646649,0.0023282431968356687
157,2025-09-05 13:30:00+00:00,M2_ols,-0.0008588392078572,-0.0026842711097316303,Short,0.0008588392078572,0.0023282431968356687
159,2025-09-20 19:00:00+00:00,M2_ols,-0.0133673001451445,-0.01137316967293474,Short,0.0133673001451445,0.0023282431968356687
160,2025-10-10 13:30:00+00:00,M2_ols,-0.0107763068753038,-0.009925262427903684,Short,0.0107763068753038,0.0023282431968356687
161,2025-10-12 13:30:00+00:00,M2_ols,0.0008912416644025,0.005283375647245404,Long,0.0008912416644025,0.0023282431968356687
162,2025-11-07 13:30:00+00:00,M2_ols,-0.0040980556886695,-0.006016412832565988,Short,0.0040980556886695,0.0023282431968356687
163,2025-11-13 13:30:00+00:00,M2_ols,-0.0032591323604431,-0.0026652395925664723,Short,0.0032591323604431,0.0023282431968356687
167,2025-12-16 19:00:00+00:00,M2_ols,-0.0045610183605263,-0.00392980970978268,Short,0.0045610183605263,0.0023282431968356687
128,2024-10-10 13:31:00+00:00,M3_elasticnet,-0.0037587093132398,-0.0057131512487792946,Short,0.0037587093132398,0.0018971179350990772
129,2024-10-11 13:30:00+00:00,M3_elasticnet,-0.0052962646545918,-0.005580563469725925,Short,0.0052962646545918,0.0018971179350990772
131,2024-11-11 13:30:00+00:00,M3_elasticnet,-0.0027699116724794,-0.0024007520193480743,Short,0.0027699116724794,0.0018971179350990772
132,2024-11-17 19:00:00+00:00,M3_elasticnet,-0.0073517627139612,-0.005330451018701423,Short,0.0073517627139612,0.0018971179350990772
133,2024-12-06 13:30:00+00:00,M3_elasticnet,0.0003155515595628,-0.002547182570107869,Short,-0.0003155515595628,0.0018971179350990772
135,2024-12-21 19:00:00+00:00,M3_elasticnet,-0.0027526299033415,-0.003605446252054765,Short,0.0027526299033415,0.0018971179350990772
136,2025-01-10 13:30:00+00:00,M3_elasticnet,-0.0022981751439285,-0.0053966207854850255,Short,0.0022981751439285,0.0018971179350990772
137,2025-01-14 13:30:00+00:00,M3_elasticnet,-0.0164171034700309,-0.00944842553846313,Short,0.0164171034700309,0.0018971179350990772
138,2025-01-19 19:00:00+00:00,M3_elasticnet,-0.005481479751943,-0.005483650122333405,Short,0.005481479751943,0.0018971179350990772
139,2025-02-07 13:30:00+00:00,M3_elasticnet,-0.0098783816686515,-0.0072466780667410444,Short,0.0098783816686515,0.0018971179350990772
142,2025-03-11 13:32:00+00:00,M3_elasticnet,-0.0066263362433678,-0.005869401008243605,Short,0.0066263362433678,0.0018971179350990772
143,2025-03-19 19:00:00+00:00,M3_elasticnet,-0.0022438078999722,-0.003977898763853658,Short,0.0022438078999722,0.0018971179350990772
144,2025-04-11 13:30:00+00:00,M3_elasticnet,-0.0039246834276212,-0.0035025361138806194,Short,0.0039246834276212,0.0018971179350990772
146,2025-05-02 13:30:00+00:00,M3_elasticnet,-0.0131367684259356,-0.012200754216653184,Short,0.0131367684259356,0.0018971179350990772
147,2025-05-12 13:31:00+00:00,M3_elasticnet,-0.0093753090530386,-0.007813117614791506,Short,0.0093753090530386,0.0018971179350990772
148,2025-05-15 19:00:00+00:00,M3_elasticnet,0.0001188610594737,-0.003338732549361112,Short,-0.0001188610594737,0.0018971179350990772
149,2025-06-06 13:30:00+00:00,M3_elasticnet,0.0036688486596573,0.006610116375977625,Long,0.0036688486596573,0.0018971179350990772
150,2025-06-10 13:31:00+00:00,M3_elasticnet,0.0011906861894694,-0.0027724079927984946,Short,-0.0011906861894694,0.0018971179350990772
151,2025-06-20 19:00:00+00:00,M3_elasticnet,-0.0125240445906007,-0.007650214983993018,Short,0.0125240445906007,0.0018971179350990772
152,2025-07-04 13:30:00+00:00,M3_elasticnet,0.0047574067514498,0.005074310553219532,Long,0.0047574067514498,0.0018971179350990772
153,2025-07-14 13:30:00+00:00,M3_elasticnet,-0.015239939528597,-0.006945748784161895,Short,0.015239939528597,0.0018971179350990772
154,2025-07-17 19:00:00+00:00,M3_elasticnet,-0.0067904529015092,-0.006933353665159377,Short,0.0067904529015092,0.0018971179350990772
155,2025-08-08 13:30:00+00:00,M3_elasticnet,-0.0044596635646649,-0.0034589617865648844,Short,0.0044596635646649,0.0018971179350990772
156,2025-08-13 13:31:00+00:00,M3_elasticnet,-0.0017259300553437,-0.0030715794946068816,Short,0.0017259300553437,0.0018971179350990772
157,2025-09-05 13:30:00+00:00,M3_elasticnet,-0.0008588392078572,-0.0031091508273168667,Short,0.0008588392078572,0.0018971179350990772
158,2025-09-13 13:31:00+00:00,M3_elasticnet,-0.0013999444736979,-0.0022211882454039153,Short,0.0013999444736979,0.0018971179350990772
159,2025-09-20 19:00:00+00:00,M3_elasticnet,-0.0133673001451445,-0.008976314473121695,Short,0.0133673001451445,0.0018971179350990772
160,2025-10-10 13:30:00+00:00,M3_elasticnet,-0.0107763068753038,-0.008505048637139663,Short,0.0107763068753038,0.0018971179350990772
161,2025-10-12 13:30:00+00:00,M3_elasticnet,0.0008912416644025,0.0034654082347095306,Long,0.0008912416644025,0.0018971179350990772
162,2025-11-07 13:30:00+00:00,M3_elasticnet,-0.0040980556886695,-0.005916328670826771,Short,0.0040980556886695,0.0018971179350990772
163,2025-11-13 13:30:00+00:00,M3_elasticnet,-0.0032591323604431,-0.0033644984763334376,Short,0.0032591323604431,0.0018971179350990772
167,2025-12-16 19:00:00+00:00,M3_elasticnet,-0.0045610183605263,-0.005158725881323851,Short,0.0045610183605263,0.0018971179350990772
128,2024-10-10 13:31:00+00:00,M3_gbdt,-0.0037587093132398,-0.00792723138278996,Short,0.0037587093132398,0.00214067132881739
129,2024-10-11 13:30:00+00:00,M3_gbdt,-0.0052962646545918,-0.008858555287958073,Short,0.0052962646545918,0.00214067132881739
131,2024-11-11 13:30:00+00:00,M3_gbdt,-0.0027699116724794,-0.0053311402160404345,Short,0.0027699116724794,0.00214067132881739
132,2024-11-17 19:00:00+00:00,M3_gbdt,-0.0073517627139612,-0.00861796290993138,Short,0.0073517627139612,0.00214067132881739
134,2024-12-13 13:31:00+00:00,M3_gbdt,-0.0034128973739113,-0.0068790923613569355,Short,0.0034128973739113,0.00214067132881739
135,2024-12-21 19:00:00+00:00,M3_gbdt,-0.0027526299033415,-0.00470994132360578,Short,0.0027526299033415,0.00214067132881739
136,2025-01-10 13:30:00+00:00,M3_gbdt,-0.0022981751439285,-0.0062055128383687016,Short,0.0022981751439285,0.00214067132881739
137,2025-01-14 13:30:00+00:00,M3_gbdt,-0.0164171034700309,-0.008492845341388207,Short,0.0164171034700309,0.00214067132881739
138,2025-01-19 19:00:00+00:00,M3_gbdt,-0.005481479751943,-0.003971470581237928,Short,0.005481479751943,0.00214067132881739
139,2025-02-07 13:30:00+00:00,M3_gbdt,-0.0098783816686515,-0.00922678980884825,Short,0.0098783816686515,0.00214067132881739
142,2025-03-11 13:32:00+00:00,M3_gbdt,-0.0066263362433678,-0.007045588625762439,Short,0.0066263362433678,0.00214067132881739
144,2025-04-11 13:30:00+00:00,M3_gbdt,-0.0039246834276212,-0.0039316833583023314,Short,0.0039246834276212,0.00214067132881739
146,2025-05-02 13:30:00+00:00,M3_gbdt,-0.0131367684259356,-0.010606000118422715,Short,0.0131367684259356,0.00214067132881739
147,2025-05-12 13:31:00+00:00,M3_gbdt,-0.0093753090530386,-0.009254218289086449,Short,0.0093753090530386,0.00214067132881739
149,2025-06-06 13:30:00+00:00,M3_gbdt,0.0036688486596573,0.00518975904975352,Long,0.0036688486596573,0.00214067132881739
151,2025-06-20 19:00:00+00:00,M3_gbdt,-0.0125240445906007,-0.0090768745473471,Short,0.0125240445906007,0.00214067132881739
153,2025-07-14 13:30:00+00:00,M3_gbdt,-0.015239939528597,-0.009801551211562988,Short,0.015239939528597,0.00214067132881739
154,2025-07-17 19:00:00+00:00,M3_gbdt,-0.0067904529015092,-0.00600819439345217,Short,0.0067904529015092,0.00214067132881739
155,2025-08-08 13:30:00+00:00,M3_gbdt,-0.0044596635646649,-0.005411722376769373,Short,0.0044596635646649,0.00214067132881739
157,2025-09-05 13:30:00+00:00,M3_gbdt,-0.0008588392078572,-0.003937506338945511,Short,0.0008588392078572,0.00214067132881739
159,2025-09-20 19:00:00+00:00,M3_gbdt,-0.0133673001451445,-0.009617295455016626,Short,0.0133673001451445,0.00214067132881739
160,2025-10-10 13:30:00+00:00,M3_gbdt,-0.0107763068753038,-0.011429685168856684,Short,0.0107763068753038,0.00214067132881739
162,2025-11-07 13:30:00+00:00,M3_gbdt,-0.0040980556886695,-0.007635498513426801,Short,0.0040980556886695,0.00214067132881739
167,2025-12-16 19:00:00+00:00,M3_gbdt,-0.0045610183605263,-0.005585157009435311,Short,0.0045610183605263,0.00214067132881739
128,2024-10-10 13:31:00+00:00,M3_ols,-0.0037587093132398,-0.006584699420104449,Short,0.0037587093132398,0.0023627724164568082
129,2024-10-11 13:30:00+00:00,M3_ols,-0.0052962646545918,-0.006071422677846327,Short,0.0052962646545918,0.0023627724164568082
132,2024-11-17 19:00:00+00:00,M3_ols,-0.0073517627139612,-0.006037508579892362,Short,0.0073517627139612,0.0023627724164568082
133,2024-12-06 13:30:00+00:00,M3_ols,0.0003155515595628,-0.0025458239500998478,Short,-0.0003155515595628,0.0023627724164568082
135,2024-12-21 19:00:00+00:00,M3_ols,-0.0027526299033415,-0.004349178669013204,Short,0.0027526299033415,0.0023627724164568082
136,2025-01-10 13:30:00+00:00,M3_ols,-0.0022981751439285,-0.006341081262298892,Short,0.0022981751439285,0.0023627724164568082
137,2025-01-14 13:30:00+00:00,M3_ols,-0.0164171034700309,-0.011335816642094456,Short,0.0164171034700309,0.0023627724164568082
138,2025-01-19 19:00:00+00:00,M3_ols,-0.005481479751943,-0.005033710834913343,Short,0.005481479751943,0.0023627724164568082
139,2025-02-07 13:30:00+00:00,M3_ols,-0.0098783816686515,-0.0074048425806077,Short,0.0098783816686515,0.0023627724164568082
142,2025-03-11 13:32:00+00:00,M3_ols,-0.0066263362433678,-0.006418863775335846,Short,0.0066263362433678,0.0023627724164568082
144,2025-04-11 13:30:00+00:00,M3_ols,-0.0039246834276212,-0.003610190318755103,Short,0.0039246834276212,0.0023627724164568082
146,2025-05-02 13:30:00+00:00,M3_ols,-0.0131367684259356,-0.013386484121234827,Short,0.0131367684259356,0.0023627724164568082
147,2025-05-12 13:31:00+00:00,M3_ols,-0.0093753090530386,-0.008895673858311618,Short,0.0093753090530386,0.0023627724164568082
148,2025-05-15 19:00:00+00:00,M3_ols,0.0001188610594737,-0.004185483349949074,Short,-0.0001188610594737,0.0023627724164568082
149,2025-06-06 13:30:00+00:00,M3_ols,0.0036688486596573,0.007650429378229262,Long,0.0036688486596573,0.0023627724164568082
150,2025-06-10 13:31:00+00:00,M3_ols,0.0011906861894694,0.002521582621361225,Long,0.0011906861894694,0.0023627724164568082
151,2025-06-20 19:00:00+00:00,M3_ols,-0.0125240445906007,-0.009948346044002828,Short,0.0125240445906007,0.0023627724164568082
152,2025-07-04 13:30:00+00:00,M3_ols,0.0047574067514498,0.009291237048835997,Long,0.0047574067514498,0.0023627724164568082
153,2025-07-14 13:30:00+00:00,M3_ols,-0.015239939528597,-0.010156185194617506,Short,0.015239939528597,0.0023627724164568082
154,2025-07-17 19:00:00+00:00,M3_ols,-0.0067904529015092,-0.008622218384424191,Short,0.0067904529015092,0.0023627724164568082
155,2025-08-08 13:30:00+00:00,M3_ols,-0.0044596635646649,-0.004014388065606248,Short,0.0044596635646649,0.0023627724164568082
156,2025-08-13 13:31:00+00:00,M3_ols,-0.0017259300553437,-0.0026016490334865856,Short,0.0017259300553437,0.0023627724164568082
157,2025-09-05 13:30:00+00:00,M3_ols,-0.0008588392078572,-0.0028856346050892684,Short,0.0008588392078572,0.0023627724164568082
159,2025-09-20 19:00:00+00:00,M3_ols,-0.0133673001451445,-0.011794235935284439,Short,0.0133673001451445,0.0023627724164568082
160,2025-10-10 13:30:00+00:00,M3_ols,-0.0107763068753038,-0.00880695985780891,Short,0.0107763068753038,0.0023627724164568082
161,2025-10-12 13:30:00+00:00,M3_ols,0.0008912416644025,0.0060979511370104055,Long,0.0008912416644025,0.0023627724164568082
162,2025-11-07 13:30:00+00:00,M3_ols,-0.0040980556886695,-0.006695678457411139,Short,0.0040980556886695,0.0023627724164568082
163,2025-11-13 13:30:00+00:00,M3_ols,-0.0032591323604431,-0.0025483552214175197,Short,0.0032591323604431,0.0023627724164568082
167,2025-12-16 19:00:00+00:00,M3_ols,-0.0045610183605263,-0.004566286868119112,Short,0.0045610183605263,0.0023627724164568082
